name,order,coefficients,invertible,global_antiperiod_h,cycle_count,nonzero_cycle_count,half_antiperiodic_cycles,distinct_complement_pairs_twice,period_lengths
binary-k2-mask10,2,01,False,,3,2,0,2,1
binary-k2-mask01,2,10,True,,6,5,1,4,1;2
binary-k2-mask11,2,11,True,4,2,1,1,0,1;8
binary-k3-mask100,3,001,False,,3,2,0,2,1
binary-k3-mask010,3,010,False,,6,5,1,4,1;2
binary-k3-mask110,3,011,False,,2,1,1,0,1;8
binary-k3-mask001,3,100,True,,11,10,0,10,1;3
binary-k3-mask101,3,101,True,,5,4,2,2,1;2;8
binary-k3-mask011,3,110,True,,3,2,0,2,1;13
binary-k3-mask111,3,111,True,,3,2,0,2,1;13
binary-k4-mask1000,4,0001,False,,3,2,0,2,1
binary-k4-mask0100,4,0010,False,,6,5,1,4,1;2
binary-k4-mask1100,4,0011,False,,2,1,1,0,1;8
binary-k4-mask0010,4,0100,False,,11,10,0,10,1;3
binary-k4-mask1010,4,0101,False,,5,4,2,2,1;2;8
binary-k4-mask0110,4,0110,False,,3,2,0,2,1;13
binary-k4-mask1110,4,0111,False,,3,2,0,2,1;13
binary-k4-mask0001,4,1000,True,,24,23,3,20,1;2;4
binary-k4-mask1001,4,1001,True,40,2,1,1,0,1;80
binary-k4-mask0101,4,1010,True,8,6,5,5,0,1;16
binary-k4-mask1101,4,1011,True,,6,5,1,4,1;2;13;26
binary-k4-mask0011,4,1100,True,40,2,1,1,0,1;80
binary-k4-mask1011,4,1101,True,,12,11,3,8,1;4;8
binary-k4-mask0111,4,1110,True,,8,7,3,4,1;2;6;8;24
binary-k4-mask1111,4,1111,True,,6,5,1,4,1;26
binary-k5-mask10000,5,00001,False,,3,2,0,2,1
binary-k5-mask01000,5,00010,False,,6,5,1,4,1;2
binary-k5-mask11000,5,00011,False,,2,1,1,0,1;8
binary-k5-mask00100,5,00100,False,,11,10,0,10,1;3
binary-k5-mask10100,5,00101,False,,5,4,2,2,1;2;8
binary-k5-mask01100,5,00110,False,,3,2,0,2,1;13
binary-k5-mask11100,5,00111,False,,3,2,0,2,1;13
binary-k5-mask00010,5,01000,False,,24,23,3,20,1;2;4
binary-k5-mask10010,5,01001,False,,2,1,1,0,1;80
binary-k5-mask01010,5,01010,False,,6,5,5,0,1;16
binary-k5-mask11010,5,01011,False,,6,5,1,4,1;2;13;26
binary-k5-mask00110,5,01100,False,,2,1,1,0,1;80
binary-k5-mask10110,5,01101,False,,12,11,3,8,1;4;8
binary-k5-mask01110,5,01110,False,,8,7,3,4,1;2;6;8;24
binary-k5-mask11110,5,01111,False,,6,5,1,4,1;26
binary-k5-mask00001,5,10000,True,,51,50,0,50,1;5
binary-k5-mask10001,5,10001,True,,9,8,2,6,1;2;6;13;26;78
binary-k5-mask01001,5,10010,True,,5,4,2,2,1;8;26;104
binary-k5-mask11001,5,10011,True,,3,2,0,2,1;121
binary-k5-mask00101,5,10100,True,,5,4,2,2,1;2;80
binary-k5-mask10101,5,10101,True,,3,2,0,2,1;121
binary-k5-mask01101,5,10110,True,,3,2,0,2,1;121
binary-k5-mask11101,5,10111,True,,15,14,4,10,1;2;26
binary-k5-mask00011,5,11000,True,,3,2,0,2,1;121
binary-k5-mask10011,5,11001,True,,3,2,0,2,1;121
binary-k5-mask01011,5,11010,True,,5,4,2,2,1;2;80
binary-k5-mask11011,5,11011,True,,15,14,0,14,1;3;13;39
binary-k5-mask00111,5,11100,True,,9,8,2,6,1;4;13;52
binary-k5-mask10111,5,11101,True,,15,14,4,10,1;2;26
binary-k5-mask01111,5,11110,True,,15,14,4,10,1;20
binary-k5-mask11111,5,11111,True,,5,4,2,2,1;8;26;104
binary-k6-mask100000,6,000001,False,,3,2,0,2,1
binary-k6-mask010000,6,000010,False,,6,5,1,4,1;2
binary-k6-mask110000,6,000011,False,,2,1,1,0,1;8
binary-k6-mask001000,6,000100,False,,11,10,0,10,1;3
binary-k6-mask101000,6,000101,False,,5,4,2,2,1;2;8
binary-k6-mask011000,6,000110,False,,3,2,0,2,1;13
binary-k6-mask111000,6,000111,False,,3,2,0,2,1;13
binary-k6-mask000100,6,001000,False,,24,23,3,20,1;2;4
binary-k6-mask100100,6,001001,False,,2,1,1,0,1;80
binary-k6-mask010100,6,001010,False,,6,5,5,0,1;16
binary-k6-mask110100,6,001011,False,,6,5,1,4,1;2;13;26
binary-k6-mask001100,6,001100,False,,2,1,1,0,1;80
binary-k6-mask101100,6,001101,False,,12,11,3,8,1;4;8
binary-k6-mask011100,6,001110,False,,8,7,3,4,1;2;6;8;24
binary-k6-mask111100,6,001111,False,,6,5,1,4,1;26
binary-k6-mask000010,6,010000,False,,51,50,0,50,1;5
binary-k6-mask100010,6,010001,False,,9,8,2,6,1;2;6;13;26;78
binary-k6-mask010010,6,010010,False,,5,4,2,2,1;8;26;104
binary-k6-mask110010,6,010011,False,,3,2,0,2,1;121
binary-k6-mask001010,6,010100,False,,5,4,2,2,1;2;80
binary-k6-mask101010,6,010101,False,,3,2,0,2,1;121
binary-k6-mask011010,6,010110,False,,3,2,0,2,1;121
binary-k6-mask111010,6,010111,False,,15,14,4,10,1;2;26
binary-k6-mask000110,6,011000,False,,3,2,0,2,1;121
binary-k6-mask100110,6,011001,False,,3,2,0,2,1;121
binary-k6-mask010110,6,011010,False,,5,4,2,2,1;2;80
binary-k6-mask110110,6,011011,False,,15,14,0,14,1;3;13;39
binary-k6-mask001110,6,011100,False,,9,8,2,6,1;4;13;52
binary-k6-mask101110,6,011101,False,,15,14,4,10,1;2;26
binary-k6-mask011110,6,011110,False,,15,14,4,10,1;20
binary-k6-mask111110,6,011111,False,,5,4,2,2,1;8;26;104
binary-k6-mask000001,6,100000,True,,130,129,5,124,1;2;3;6
binary-k6-mask100001,6,100001,True,364,2,1,1,0,1;728
binary-k6-mask010001,6,100010,True,,48,47,7,40,1;4;16
binary-k6-mask110001,6,100011,True,,6,5,1,4,1;2;121;242
binary-k6-mask001001,6,100100,True,12,32,31,31,0,1;8;24
binary-k6-mask101001,6,100101,True,364,2,1,1,0,1;728
binary-k6-mask011001,6,100110,True,,6,5,1,4,1;2;121;242
binary-k6-mask111001,6,100111,True,,60,59,3,56,1;3;4;8;12;24
binary-k6-mask000101,6,101000,True,,30,29,1,28,1;13;26
binary-k6-mask100101,6,101001,True,,26,25,9,16,1;2;6;8;18;24;72
binary-k6-mask010101,6,101010,True,,30,29,1,28,1;13;26
binary-k6-mask110101,6,101011,True,,6,5,1,4,1;242
binary-k6-mask001101,6,101100,True,,6,5,1,4,1;2;121;242
binary-k6-mask101101,6,101101,True,,6,5,1,4,1;242
binary-k6-mask011101,6,101110,True,,10,9,1,8,1;3;80;240
binary-k6-mask111101,6,101111,True,,14,13,5,8,1;2;8;26;104
binary-k6-mask000011,6,110000,True,364,2,1,1,0,1;728
binary-k6-mask100011,6,110001,True,28,14,13,13,0,1;56
binary-k6-mask010011,6,110010,True,,18,17,5,12,1;2;6;13;26;78
binary-k6-mask110011,6,110011,True,,36,35,11,24,1;22
binary-k6-mask001011,6,110100,True,364,2,1,1,0,1;728
binary-k6-mask101011,6,110101,True,,52,51,3,48,1;2;3;6;8;24
binary-k6-mask011011,6,110110,True,,24,23,3,20,1;4;26;52
binary-k6-mask111011,6,110111,True,364,2,1,1,0,1;728
binary-k6-mask000111,6,111000,True,,14,13,5,8,1;2;8;26;104
binary-k6-mask100111,6,111001,True,,6,5,1,4,1;242
binary-k6-mask010111,6,111010,True,,6,5,1,4,1;242
binary-k6-mask110111,6,111011,True,,18,17,5,12,1;2;6;13;26;78
binary-k6-mask001111,6,111100,True,,10,9,1,8,1;3;80;240
binary-k6-mask101111,6,111101,True,364,2,1,1,0,1;728
binary-k6-mask011111,6,111110,True,,6,5,1,4,1;2;121;242
binary-k6-mask111111,6,111111,True,364,2,1,1,0,1;728
